{
  "action_stats": {
    "mean": [
      0.09849517047405243,
      0.02443811111152172,
      -0.20622004568576813,
      -0.006211870815604925,
      -0.03434190899133682,
      0.0006179619813337922,
      -1.0
    ],
    "std": [
      0.33107367157936096,
      0.29830798506736755,
      0.2047886699438095,
      0.14249244332313538,
      0.05021870508790016,
      0.20689012110233307,
      0.0
    ],
    "min": [
      -0.6071428656578064,
      -0.7714285850524902,
      -0.7071428298950195,
      -0.4228571355342865,
      -0.17714285850524902,
      -0.39714285731315613,
      -1.0
    ],
    "max": [
      0.6499999761581421,
      0.6785714030265808,
      -0.0,
      0.30000001192092896,
      -0.0,
      0.4228571355342865,
      -1.0
    ]
  }
}