{
  "state_stats": {
    "mean": [
      0.14858193695545197,
      0.006583524402230978,
      0.3067888915538788,
      -0.08220415562391281,
      0.6085703372955322,
      -0.07349234819412231,
      0.49134817719459534,
      0.7788259387016296,
      0.07791996747255325,
      -0.388304203748703
    ],
    "std": [
      0.12237773090600967,
      0.3622913956642151,
      0.18670111894607544,
      0.49059930443763733,
      0.24059922993183136,
      0.14429837465286255,
      0.2380395084619522,
      0.25224167108535767,
      0.27418482303619385,
      0.30357423424720764
    ],
    "min": [
      -0.016192913055419922,
      -0.4207747280597687,
      0.08942089974880219,
      -0.9932986497879028,
      -0.10066522657871246,
      -0.27187782526016235,
      0.0009674521279521286,
      0.0,
      -0.9506524801254272,
      -0.8289597630500793
    ],
    "max": [
      0.4222138524055481,
      0.4510943591594696,
      0.5963642597198486,
      0.9849408864974976,
      0.7835882902145386,
      0.12914255261421204,
      0.716690182685852,
      0.9969086647033691,
      0.6718509793281555,
      0.2942489683628082
    ],
    "q01": [
      -0.013910402730107307,
      -0.4203808352351189,
      0.09023112505674362,
      -0.9929828256368637,
      -0.058861364424228665,
      -0.2715452954173088,
      0.006475202436558903,
      0.22305464670062067,
      -0.6842477142810821,
      -0.8275867760181427
    ],
    "q99": [
      0.41997057348489764,
      0.45058993101119993,
      0.5962252855300904,
      0.9768458157777786,
      0.7824668198823929,
      0.12651489078998565,
      0.7162985533475876,
      0.9927771151065826,
      0.6681636780500412,
      0.18599980697035673
    ]
  },
  "action_quantile_stats": {
    "q01": [
      -0.5571428537368774,
      -0.7271428734064103,
      -0.6778571456670761,
      -0.4054285749793053,
      -0.16985714435577393,
      -0.39399999380111694,
      -1.0
    ],
    "q99": [
      0.6389285713434218,
      0.6571428775787354,
      0.0,
      0.2971428632736206,
      0.0,
      0.41842857152223584,
      -1.0
    ]
  }
}