{
  "robot_id": "robot3",
  "calibrated_at": "2026-03-17T21:27:09.763534",
  "num_points": 15,
  "homography_3x3": [
    [
      -0.0011159692558546132,
      -5.8644319612739765e-06,
      0.7115799644800276
    ],
    [
      1.0208650703569799e-06,
      0.0011557396821857892,
      -0.2794305685799188
    ],
    [
      0.0001560437354103734,
      -1.60924689462753e-05,
      1.0
    ]
  ],
  "table_z_robot_frame": -0.0006999999999999999,
  "table_depth_m": 0.6867333333333333,
  "depth_values": [
    0.686,
    0.686,
    0.687,
    0.688,
    0.687,
    0.687,
    0.688,
    0.686,
    0.689,
    0.687,
    0.686,
    0.686,
    0.686,
    0.687,
    0.685
  ],
  "pixel_points": [
    [
      298,
      413
    ],
    [
      398,
      412
    ],
    [
      499,
      412
    ],
    [
      297,
      313
    ],
    [
      397,
      312
    ],
    [
      464,
      311
    ],
    [
      296,
      212
    ],
    [
      396,
      211
    ],
    [
      463,
      211
    ],
    [
      294,
      112
    ],
    [
      395,
      110
    ],
    [
      463,
      109
    ],
    [
      293,
      9
    ],
    [
      395,
      8
    ],
    [
      496,
      7
    ]
  ],
  "robot_points": [
    [
      0.3613,
      0.1912,
      -0.0081
    ],
    [
      0.2514,
      0.1962,
      0.0044
    ],
    [
      0.1434,
      0.1819,
      0.0018
    ],
    [
      0.3662,
      0.0772,
      -0.0001
    ],
    [
      0.2557,
      0.0832,
      0.0012
    ],
    [
      0.1782,
      0.0769,
      0.0022
    ],
    [
      0.3663,
      -0.0348,
      0.0027
    ],
    [
      0.2478,
      -0.0355,
      -0.0023
    ],
    [
      0.1808,
      -0.0353,
      0.0021
    ],
    [
      0.3595,
      -0.1433,
      -0.0111
    ],
    [
      0.2557,
      -0.1396,
      -0.0075
    ],
    [
      0.1811,
      -0.1427,
      0.0028
    ],
    [
      0.3705,
      -0.2575,
      0.0054
    ],
    [
      0.2586,
      -0.2532,
      -0.0019
    ],
    [
      0.1464,
      -0.2528,
      -0.0021
    ]
  ],
  "error_stats": {
    "mean_error_m": 0.0037695103092119098,
    "max_error_m": 0.009426579810678959,
    "rmse_m": 0.004503733931208763,
    "per_point_errors_m": [
      0.0010540109360590577,
      0.009426579810678959,
      0.002545344177633524,
      0.0036095057148486376,
      0.006898652762174606,
      0.00221473490819335,
      0.002808891935274005,
      0.006238203030079603,
      0.0024923027958720922,
      0.007167847361415625,
      0.0038078813813626766,
      0.0004118727520108223,
      0.002756820060312748,
      0.0036861030384898186,
      0.0014239039737731218
    ]
  }
}