{
  "robot_id": "robot2",
  "calibrated_at": "2026-03-17T17:28:24.862148",
  "num_points": 15,
  "homography_3x3": [
    [
      0.0011230419304384615,
      -1.2486967936832321e-06,
      0.010119557150528783
    ],
    [
      -1.2807227988244233e-06,
      -0.0011315032194907121,
      0.264739920146818
    ],
    [
      2.8039980228923574e-05,
      -2.713093249543379e-05,
      1.0
    ]
  ],
  "table_z_robot_frame": 0.0004026829485830034,
  "pixel_points": [
    [
      318,
      26
    ],
    [
      217,
      27
    ],
    [
      115,
      28
    ],
    [
      319,
      128
    ],
    [
      219,
      129
    ],
    [
      151,
      130
    ],
    [
      320,
      229
    ],
    [
      220,
      230
    ],
    [
      153,
      231
    ],
    [
      321,
      329
    ],
    [
      221,
      331
    ],
    [
      154,
      331
    ],
    [
      222,
      431
    ],
    [
      121,
      433
    ],
    [
      322,
      430
    ]
  ],
  "robot_points": [
    [
      0.358306091458645,
      0.23630217411248014,
      0.0027970655416375556
    ],
    [
      0.2561816271699496,
      0.2304929039016537,
      -0.0016439224643361866
    ],
    [
      0.13520377560686742,
      0.23184488012885882,
      -0.0013603267436059496
    ],
    [
      0.3671402224845254,
      0.11975046323848788,
      0.0012008819092568929
    ],
    [
      0.2541762100735342,
      0.11766621627967185,
      -0.0006703609573077279
    ],
    [
      0.18436057287092109,
      0.11805495468266859,
      0.0002351088968348819
    ],
    [
      0.36927034587615604,
      0.00457770653552454,
      0.0011295853288976893
    ],
    [
      0.2617949181422064,
      0.0034352296877957047,
      0.0028776623624483383
    ],
    [
      0.18147724439693202,
      0.004245615886248528,
      -0.0006491438655142068
    ],
    [
      0.3695284045098416,
      -0.11093307849002179,
      0.00014089729091174008
    ],
    [
      0.2566081579949119,
      -0.11373866612661995,
      0.0005762497941230044
    ],
    [
      0.1842189518237207,
      -0.10919478454817896,
      0.0006906229744954168
    ],
    [
      0.2620477402642372,
      -0.21979288844398365,
      0.0004680077814162298
    ],
    [
      0.14252899870019248,
      -0.22822898833210195,
      -0.0005109025036788423
    ],
    [
      0.3722841882262053,
      -0.21402739929428863,
      0.0007588188831662152
    ]
  ],
  "error_stats": {
    "mean_error_m": 0.00374549914461871,
    "max_error_m": 0.008779668249189854,
    "rmse_m": 0.0043280008141113315,
    "per_point_errors_m": [
      0.006776423659175634,
      0.004331410396844149,
      0.003721073502674699,
      0.0012983379419893026,
      0.001174451201222837,
      0.0049982802011072636,
      0.001246743486262858,
      0.004936643876135349,
      0.0012004905147477984,
      0.003074695821851492,
      0.003916068002581596,
      0.0014852465828880668,
      0.004966911859810352,
      0.0042760418727993965,
      0.008779668249189854
    ]
  }
}